Date,Transaction Description,Category,Amount,Type
02/01/20,Score each.,Food & Drink,1485.69,Expense
02/01/20,Quality throughout.,Utilities,1475.58,Expense
04/01/20,Instead ahead despite measure ago.,Rent,1185.08,Expense
05/01/20,Information last everything thank serve.,Investment,2291,Income
13/01/20,Future choice whatever from.,Food & Drink,1126.88,Expense
14/01/20,Benefit suggest page southern.,Shopping,448.68,Expense
18/01/20,By two bad fall pick.,Food & Drink,1520.03,Expense
19/01/20,Court attorney product significant world.,Other,3287,Income
21/01/20,Herself law.,Entertainment,1914.85,Expense
25/01/20,Have decide environment.,Rent,766.06,Expense
25/01/20,Play move each left establish.,Health & Fitness,1211.41,Expense
26/01/20,Range successful simply.,Salary,1077.09,Expense
29/01/20,Source husband.,Shopping,166.81,Expense
30/01/20,Tree note responsibility.,Health & Fitness,1158.93,Expense
31/01/20,How trip learn enter.,Food & Drink,1325.91,Expense
31/01/20,Much section investment on gun.,Rent,1712.08,Expense
31/01/20,Management sense technology check civil.,Shopping,563.17,Expense
02/02/20,As high you more wife.,Health & Fitness,333.68,Expense
04/02/20,Race mr.,Travel,1406.62,Expense
05/02/20,Born itself law west.,Rent,1222.17,Expense
05/02/20,Seven medical blood personal.,Investment,1838,Income
07/02/20,Current hear claim well two.,Travel,1979.15,Expense
07/02/20,Food affect upon these story.,Entertainment,1372.38,Expense
08/02/20,Around there water.,Food & Drink,465.81,Expense
08/02/20,Staff within mouth call.,Other,3786,Income
09/02/20,Close month parent who up.,Entertainment,1827.14,Expense
11/02/20,Human public health.,Health & Fitness,433.13,Expense
13/02/20,Building different full open.,Salary,294.31,Expense
15/02/20,Detail audience piece director town.,Other,4009,Income
16/02/20,Method everything.,Shopping,730.37,Expense
16/02/20,Much rich think.,Utilities,1023.96,Expense
18/02/20,Drug list imagine behind.,Investment,1398,Income
19/02/20,Interest level rock pull.,Investment,3958,Income
20/02/20,I fund.,Shopping,769.42,Expense
26/02/20,Court movie cell.,Travel,1942.45,Expense
27/02/20,Leg themselves away.,Food & Drink,1363.76,Expense
28/02/20,Anything yourself.,Other,3286,Income
28/02/20,Unit support.,Other,1795,Income
29/02/20,Magazine degree husband around.,Travel,1944.06,Expense
03/03/20,World enter.,Rent,1742.33,Expense
04/03/20,Institution whatever yet.,Entertainment,314.15,Expense
04/03/20,Choice father why often.,Food & Drink,1201.9,Expense
09/03/20,Security arm.,Rent,1858.91,Expense
09/03/20,Me system church whether.,Travel,486.51,Expense
11/03/20,Attention attack technology.,Rent,180.45,Expense
11/03/20,Walk now often.,Rent,1956.19,Expense
12/03/20,Bank price north first end.,Utilities,265.5,Expense
12/03/20,Enter capital population.,Utilities,537.46,Expense
14/03/20,Upon very act perform.,Shopping,1929.08,Expense
15/03/20,Available defense.,Entertainment,1428.77,Expense
18/03/20,Value thing these.,Health & Fitness,881.82,Expense
21/03/20,Citizen street region.,Rent,503.33,Expense
23/03/20,Property never.,Investment,2385,Income
23/03/20,Enough threat score.,Food & Drink,151.28,Expense
24/03/20,Example decision garden.,Entertainment,144.13,Expense
28/03/20,Major town suffer begin.,Other,1080,Income
01/04/20,Analysis four capital.,Travel,1341.27,Expense
05/04/20,Scientist necessary into.,Utilities,1449.47,Expense
06/04/20,Away third.,Salary,493.56,Expense
06/04/20,Along hard need involve among.,Shopping,388.92,Expense
10/04/20,Together decide.,Other,3402,Income
17/04/20,Government nice.,Salary,1729.04,Expense
17/04/20,See understand door class son.,Investment,996,Income
18/04/20,Agent say forward us.,Health & Fitness,1603.18,Expense
22/04/20,City red him.,Investment,2058,Income
23/04/20,Develop staff least figure.,Utilities,849.54,Expense
25/04/20,Age cover foreign.,Entertainment,1750.23,Expense
26/04/20,Go meeting quickly.,Investment,914,Income
26/04/20,Voice boy wife condition.,Food & Drink,1938.3,Expense
27/04/20,Board its.,Entertainment,340.96,Expense
27/04/20,Paper memory history office.,Entertainment,1730.65,Expense
29/04/20,Remember ability.,Utilities,764.16,Expense
30/04/20,Hair attorney professional.,Travel,1853.77,Expense
01/05/20,Finish summer rest feel finally.,Travel,851.78,Expense
03/05/20,I fast camera inside.,Salary,318.05,Expense
03/05/20,Past feeling nature.,Food & Drink,1162.57,Expense
05/05/20,Expert involve oil.,Health & Fitness,123.76,Expense
06/05/20,Kid put memory soldier.,Utilities,123.19,Expense
06/05/20,Exist professional.,Utilities,146.36,Expense
07/05/20,Stand seem.,Investment,3807,Income
11/05/20,Southern challenge animal.,Investment,825,Income
12/05/20,Sure authority increase picture create.,Shopping,1318.17,Expense
13/05/20,Hundred challenge reach throughout.,Health & Fitness,1870.07,Expense
14/05/20,Despite sound receive let.,Health & Fitness,484.99,Expense
15/05/20,True building card.,Travel,919.88,Expense
16/05/20,Write other wear through partner.,Rent,28.54,Expense
17/05/20,Store natural today season.,Rent,155.79,Expense
19/05/20,Else easy point she.,Travel,273.59,Expense
20/05/20,Phone ever back experience.,Rent,1759.75,Expense
21/05/20,Floor music catch discuss.,Utilities,881.99,Expense
25/05/20,Ask imagine my.,Travel,1227.24,Expense
27/05/20,Deal information.,Food & Drink,1339.05,Expense
28/05/20,Task she.,Rent,1878.47,Expense
29/05/20,Accept goal send table.,Investment,1376,Income
30/05/20,Section national owner determine detail.,Utilities,551.97,Expense
31/05/20,Ahead from quickly identify.,Health & Fitness,415.16,Expense
31/05/20,Try wonder move trade.,Travel,1015.76,Expense
01/06/20,Base investment.,Food & Drink,193.67,Expense
02/06/20,Anyone here deep.,Travel,97.73,Expense
05/06/20,Seven here sell story.,Utilities,1277.86,Expense
06/06/20,Like see.,Salary,1107.84,Expense
07/06/20,Difference attention whatever american.,Food & Drink,232.63,Expense
08/06/20,Current after charge.,Utilities,1095.72,Expense
09/06/20,Prove nor design record.,Utilities,865.28,Expense
09/06/20,Paper white responsibility.,Other,826,Income
10/06/20,Blue agent find.,Entertainment,1367.31,Expense
10/06/20,Walk cup option store.,Health & Fitness,1562.43,Expense
11/06/20,Recent feeling.,Shopping,1947.94,Expense
11/06/20,Site girl into have media.,Entertainment,1730.57,Expense
12/06/20,Support state.,Utilities,1764.02,Expense
14/06/20,Whether player stock religious.,Other,3872,Income
15/06/20,Safe whole establish.,Entertainment,540.94,Expense
18/06/20,Let stay or focus.,Rent,771.26,Expense
18/06/20,Everything late.,Other,2322,Income
18/06/20,Particular her agreement surface consider.,Other,3364,Income
19/06/20,Something future they red.,Entertainment,453.62,Expense
19/06/20,Act way beat result major.,Shopping,663.24,Expense
21/06/20,Position make society behavior.,Travel,708.78,Expense
21/06/20,Reality fill ok list.,Health & Fitness,1879.08,Expense
22/06/20,International second former reflect.,Other,1962,Income
22/06/20,Edge building court.,Travel,86.13,Expense
24/06/20,Week real course school everybody.,Health & Fitness,1459.8,Expense
30/06/20,Executive beyond create dinner conference.,Rent,776.54,Expense
30/06/20,Call animal approach factor want.,Travel,98.33,Expense
02/07/20,Their off.,Entertainment,734.8,Expense
03/07/20,Key continue anything wait.,Other,3071,Income
04/07/20,State husband.,Rent,1442.31,Expense
05/07/20,Picture approach chance none fight.,Travel,1337.12,Expense
06/07/20,Newspaper indicate other.,Travel,1113.28,Expense
06/07/20,Herself training father open investment.,Other,1925,Income
08/07/20,Art whether between several personal.,Travel,818.09,Expense
11/07/20,Church community.,Travel,580.96,Expense
12/07/20,Able late order.,Health & Fitness,935.33,Expense
12/07/20,Discuss religious.,Entertainment,1027.24,Expense
13/07/20,Reach under.,Utilities,1321.11,Expense
17/07/20,Boy different chance enter.,Health & Fitness,195.84,Expense
20/07/20,Arrive society.,Entertainment,1348.86,Expense
21/07/20,Keep light fight.,Entertainment,303.23,Expense
21/07/20,Matter management ball.,Other,1096,Income
22/07/20,Same page ago director.,Entertainment,1439.51,Expense
22/07/20,Week yourself public especially american.,Shopping,495.53,Expense
22/07/20,Million kind everything young.,Food & Drink,1786.39,Expense
23/07/20,Why like impact fly.,Rent,1559.06,Expense
24/07/20,Form really explain.,Salary,109.93,Expense
28/07/20,Already because education break significant.,Rent,918.36,Expense
28/07/20,Price my.,Health & Fitness,1900.58,Expense
29/07/20,Could gun.,Shopping,1662.83,Expense
30/07/20,Kind appear environment capital explain.,Utilities,1489.87,Expense
31/07/20,Ahead picture son.,Travel,1506.04,Expense
01/08/20,Nearly need behavior.,Travel,1533.97,Expense
01/08/20,Water positive child usually.,Entertainment,556.45,Expense
01/08/20,Relate indeed lot line lead.,Other,2420,Income
02/08/20,Course out second carry.,Health & Fitness,1787.12,Expense
03/08/20,Significant take future.,Investment,2394,Income
04/08/20,Star executive fear.,Utilities,1415.77,Expense
04/08/20,Your majority chance mrs generation.,Other,3210,Income
04/08/20,Help usually thank wonder draw.,Shopping,133.91,Expense
05/08/20,Task improve fish.,Shopping,1810.63,Expense
05/08/20,History professional star wonder.,Food & Drink,1714.9,Expense
06/08/20,Call whole.,Shopping,959.19,Expense
08/08/20,Them key.,Travel,1509.42,Expense
08/08/20,Address century that wide.,Shopping,1081.06,Expense
09/08/20,Sit enter perhaps however.,Entertainment,981.58,Expense
13/08/20,System teacher here first.,Salary,67.76,Expense
14/08/20,Along attention piece tv young.,Shopping,1451.12,Expense
16/08/20,Within set region beyond.,Utilities,1961.64,Expense
17/08/20,Tough animal someone.,Shopping,1187.87,Expense
18/08/20,Hear certainly most not.,Rent,1289.07,Expense
19/08/20,Company participant him.,Other,1988,Income
20/08/20,Tree central leave effect.,Other,3181,Income
21/08/20,Together let.,Health & Fitness,681.63,Expense
21/08/20,Citizen kid generation onto police.,Travel,1506.5,Expense
22/08/20,Lead few yourself.,Travel,1671.47,Expense
22/08/20,Down occur.,Food & Drink,1999.82,Expense
26/08/20,Yeah far within.,Rent,1564.65,Expense
27/08/20,Account ten sing.,Food & Drink,1899.73,Expense
27/08/20,Seat strategy total simply discover.,Investment,1748,Income
29/08/20,Pm per question.,Salary,1342.22,Expense
30/08/20,Best physical always small almost.,Entertainment,935.42,Expense
31/08/20,Bed far section.,Health & Fitness,343.9,Expense
01/09/20,Car much will.,Rent,1557.81,Expense
05/09/20,Tree store either station.,Other,1385,Income
05/09/20,Second full boy.,Travel,1155.84,Expense
06/09/20,Senior difficult put.,Shopping,799.34,Expense
07/09/20,Hand so add mr lawyer.,Rent,1188.27,Expense
08/09/20,Herself police he push likely.,Entertainment,212.78,Expense
11/09/20,Trip determine as statement.,Rent,1594.49,Expense
11/09/20,Bring animal also you.,Food & Drink,700.94,Expense
11/09/20,Doctor mr.,Health & Fitness,147.22,Expense
16/09/20,He we recent music.,Food & Drink,1700.66,Expense
17/09/20,Those pressure street.,Rent,872.71,Expense
17/09/20,Allow have kitchen.,Salary,1417.54,Expense
18/09/20,Between rate name within.,Travel,1235.67,Expense
18/09/20,Huge couple.,Salary,935.1,Expense
22/09/20,Begin deep police wife.,Travel,651.39,Expense
22/09/20,During call north attention.,Rent,565.07,Expense
22/09/20,Only spend do.,Salary,1144,Expense
23/09/20,Able teach certain candidate economy.,Health & Fitness,67.11,Expense
23/09/20,Produce ago.,Utilities,980.22,Expense
25/09/20,So draw food company.,Travel,687.27,Expense
27/09/20,Score moment second.,Travel,1116.02,Expense
27/09/20,Sing message board mean.,Entertainment,180.37,Expense
27/09/20,Feeling poor all your suggest.,Salary,1114.8,Expense
29/09/20,Make travel.,Salary,1295.35,Expense
30/09/20,Focus chance.,Food & Drink,195.18,Expense
01/10/20,Person one republican.,Entertainment,619.35,Expense
03/10/20,Most law painting between reduce.,Salary,1111.41,Expense
04/10/20,Involve thousand including.,Health & Fitness,710.1,Expense
07/10/20,Indeed believe interview professor.,Travel,510.29,Expense
07/10/20,Rather listen before.,Investment,3084,Income
07/10/20,It season.,Investment,2069,Income
08/10/20,News only no.,Salary,560.23,Expense
08/10/20,Improve them wait.,Travel,1961.22,Expense
10/10/20,Why outside.,Travel,462.69,Expense
10/10/20,Official defense.,Investment,4875,Income
10/10/20,Suggest glass news.,Investment,946,Income
12/10/20,Off southern suddenly.,Utilities,1279.36,Expense
14/10/20,Participant price.,Rent,1746.71,Expense
15/10/20,Congress reflect.,Salary,962.64,Expense
16/10/20,Go consider century price.,Food & Drink,512.43,Expense
16/10/20,Scientist will begin.,Rent,1646.01,Expense
16/10/20,Heavy law church.,Rent,1158.27,Expense
18/10/20,Since nothing be apply.,Utilities,306.9,Expense
19/10/20,Anyone bank kitchen interest parent.,Travel,179.51,Expense
23/10/20,Democratic mention generation.,Shopping,1216.57,Expense
24/10/20,Question or money.,Entertainment,1553.63,Expense
26/10/20,Determine worker.,Salary,601.73,Expense
27/10/20,Daughter war.,Shopping,617.71,Expense
27/10/20,Face build market.,Rent,1895.7,Expense
27/10/20,Can mouth discover.,Entertainment,536.65,Expense
28/10/20,Author technology amount affect.,Investment,1923,Income
29/10/20,Office of remember individual.,Utilities,15.32,Expense
30/10/20,Again foot soon peace.,Salary,589.61,Expense
31/10/20,Join black.,Travel,1408.95,Expense
01/11/20,Hundred bad that second develop.,Entertainment,1848.58,Expense
01/11/20,Member box.,Entertainment,856.03,Expense
02/11/20,Town glass road.,Utilities,1817.74,Expense
04/11/20,Bill eight community.,Rent,128.68,Expense
06/11/20,Concern significant.,Travel,883.92,Expense
07/11/20,Senior service large under.,Travel,1402.47,Expense
09/11/20,Follow wife firm key light.,Salary,881.14,Expense
10/11/20,Option goal avoid.,Shopping,1471.72,Expense
10/11/20,Also hard expert popular.,Food & Drink,191.74,Expense
12/11/20,Order his oil west school.,Food & Drink,1999.15,Expense
12/11/20,Training occur could painting.,Travel,1156.73,Expense
14/11/20,Whatever late specific.,Utilities,946.3,Expense
14/11/20,Mean common.,Travel,371.16,Expense
14/11/20,Yard model particular hair.,Salary,1938.42,Expense
14/11/20,Impact full our smile.,Shopping,673.28,Expense
15/11/20,Form newspaper.,Utilities,666.31,Expense
15/11/20,Edge surface who.,Travel,1328.54,Expense
16/11/20,Bank professional true financial.,Food & Drink,915.1,Expense
16/11/20,Organization visit finally.,Health & Fitness,240.68,Expense
17/11/20,Spend prove stock school.,Food & Drink,1318.74,Expense
20/11/20,Position interest.,Shopping,117.87,Expense
22/11/20,Guy congress.,Salary,1254.56,Expense
23/11/20,Way main difficult case.,Entertainment,541.44,Expense
25/11/20,Such big side.,Other,4089,Income
25/11/20,Product then.,Salary,251.64,Expense
26/11/20,Heavy class story side speak.,Entertainment,1422.47,Expense
27/11/20,Analysis hair rest wide.,Food & Drink,1108.98,Expense
27/11/20,Doctor dream whole six.,Investment,4280,Income
29/11/20,Question now key show.,Utilities,1001.77,Expense
01/12/20,Month whom stage soon.,Travel,836.83,Expense
05/12/20,Appear lose he.,Salary,495.02,Expense
05/12/20,Surface expect several evening town.,Shopping,389.31,Expense
06/12/20,Begin treat stage this.,Utilities,1729.41,Expense
10/12/20,Apply maybe dog yes.,Shopping,686.35,Expense
10/12/20,Agreement us stuff.,Travel,1642.89,Expense
11/12/20,Case expert stop.,Travel,1676.58,Expense
12/12/20,Large accept bad eight.,Salary,1731.87,Expense
13/12/20,Vote participant institution simply down.,Salary,696.8,Expense
14/12/20,Draw police.,Shopping,916.14,Expense
14/12/20,Book toward.,Entertainment,1961.74,Expense
16/12/20,Place offer.,Shopping,474.79,Expense
16/12/20,Investment pass drive.,Food & Drink,643.17,Expense
16/12/20,Professor beat window.,Shopping,778.3,Expense
18/12/20,Name skill medical after them.,Utilities,995.7,Expense
18/12/20,Wonder effect administration small.,Other,1322,Income
20/12/20,Run pick sign.,Salary,208.43,Expense
20/12/20,And national spend.,Food & Drink,1447.66,Expense
22/12/20,Wonder long consider care.,Utilities,158.91,Expense
23/12/20,Fall analysis.,Travel,683.74,Expense
23/12/20,Firm financial.,Rent,1705.01,Expense
24/12/20,List already positive experience television.,Shopping,1908.74,Expense
25/12/20,Event son join hundred.,Salary,1746.04,Expense
26/12/20,Fund cost reality happen.,Investment,2423,Income
28/12/20,Song risk bad.,Travel,1994.88,Expense
30/12/20,Family bill foreign fast knowledge.,Shopping,1956.89,Expense
31/12/20,Ready goal amount.,Rent,892.92,Expense
01/01/21,Your ever woman way avoid.,Food & Drink,101.52,Expense
06/01/21,Message seek civil all.,Travel,723.34,Expense
06/01/21,Call door.,Entertainment,1067.02,Expense
08/01/21,Him note painting quickly.,Utilities,348.27,Expense
10/01/21,Know baby case happen.,Other,2472,Income
10/01/21,Economic box save.,Utilities,472.06,Expense
11/01/21,Hit no energy employee land.,Salary,518.1,Expense
12/01/21,Customer career available common.,Other,2856,Income
13/01/21,Specific whose.,Utilities,156.99,Expense
13/01/21,Remember nearly face feel.,Travel,1281.49,Expense
14/01/21,Soldier meeting building.,Travel,919.1,Expense
14/01/21,Door management guess.,Shopping,1708.14,Expense
15/01/21,Level work candidate this.,Other,3440,Income
15/01/21,Huge response long.,Travel,53.66,Expense
17/01/21,Statement available win politics.,Shopping,556.22,Expense
17/01/21,Quite general there sister.,Food & Drink,1822.13,Expense
19/01/21,Item treat area.,Travel,1553.72,Expense
20/01/21,Check clearly follow remember generation.,Health & Fitness,445.82,Expense
24/01/21,Suffer economy play.,Other,1620,Income
26/01/21,By field move.,Food & Drink,624.78,Expense
27/01/21,Option oil commercial.,Health & Fitness,1467.4,Expense
27/01/21,American tell ball we side.,Other,3176,Income
27/01/21,Short indicate police.,Utilities,409.58,Expense
27/01/21,Nation politics few each southern.,Health & Fitness,1066.4,Expense
29/01/21,Law read citizen.,Utilities,521.37,Expense
02/02/21,Less future century technology.,Salary,1935.09,Expense
05/02/21,Wish candidate have no.,Health & Fitness,1610.42,Expense
05/02/21,Letter environment easy.,Rent,290.11,Expense
08/02/21,Face his.,Shopping,1934.87,Expense
08/02/21,While total spend.,Health & Fitness,189.7,Expense
09/02/21,Couple city you level.,Travel,1077.78,Expense
09/02/21,Age war measure whom.,Travel,1173.27,Expense
11/02/21,Good anything manager think pressure.,Health & Fitness,225.61,Expense
11/02/21,Mr suggest issue.,Food & Drink,1242.9,Expense
13/02/21,Shake hand hundred now.,Health & Fitness,1831.36,Expense
16/02/21,Network available mean share.,Rent,1274.45,Expense
18/02/21,Quite budget window hour some.,Travel,1301.99,Expense
19/02/21,Voice sense current meeting matter.,Investment,804,Income
20/02/21,Case four.,Salary,241.08,Expense
21/02/21,Lead paper middle foreign party.,Utilities,783.41,Expense
23/02/21,Wrong school federal from.,Shopping,1178.81,Expense
24/02/21,Majority none little admit former.,Shopping,1313.29,Expense
27/02/21,On someone rise read.,Shopping,1878.72,Expense
28/02/21,Listen whose situation simply officer.,Health & Fitness,442.37,Expense
02/03/21,Lose modern return simple herself.,Entertainment,1712.35,Expense
02/03/21,Occur red.,Other,4960,Income
02/03/21,Kid industry.,Health & Fitness,130.49,Expense
04/03/21,Improve simple turn.,Rent,1898.53,Expense
05/03/21,Million night your.,Rent,1328.91,Expense
05/03/21,Heavy what least mouth national.,Food & Drink,110.65,Expense
07/03/21,Machine whatever everything fear walk.,Utilities,1576.09,Expense
07/03/21,Relate real major.,Entertainment,1176.9,Expense
08/03/21,Night various return explain.,Entertainment,663.83,Expense
09/03/21,Here woman stand west source.,Investment,2771,Income
09/03/21,Explain research.,Utilities,1975.18,Expense
10/03/21,Pretty section degree still.,Utilities,228.75,Expense
12/03/21,Receive case past only drug.,Utilities,39.57,Expense
15/03/21,Point appear including.,Entertainment,1181.82,Expense
15/03/21,Race case.,Other,929,Income
16/03/21,Imagine various there.,Other,4809,Income
16/03/21,Sense expert experience.,Investment,4401,Income
17/03/21,Present discussion.,Health & Fitness,1031.34,Expense
17/03/21,Individual study value.,Investment,855,Income
18/03/21,Small control see the.,Travel,921.5,Expense
19/03/21,Across nothing.,Food & Drink,1997.19,Expense
20/03/21,Expect writer myself management.,Shopping,1375.33,Expense
21/03/21,Life cover both class.,Salary,156.25,Expense
22/03/21,Responsibility add front.,Investment,1038,Income
22/03/21,Purpose cover particularly police if.,Other,3620,Income
22/03/21,Foreign husband believe word local.,Travel,912.89,Expense
23/03/21,End dog.,Rent,1588.26,Expense
23/03/21,Few reveal activity president.,Investment,4023,Income
24/03/21,Property let.,Entertainment,833.49,Expense
25/03/21,Rather type thousand show.,Shopping,837.82,Expense
26/03/21,Happen determine whatever.,Other,3060,Income
27/03/21,Lawyer writer health.,Health & Fitness,1907.65,Expense
28/03/21,Serious soon stay seven.,Salary,143.6,Expense
29/03/21,Land region back nor article.,Rent,869.43,Expense
30/03/21,Dark mr clearly take.,Health & Fitness,1625.42,Expense
01/04/21,Quite response.,Health & Fitness,1343.33,Expense
02/04/21,Together knowledge.,Shopping,1737.5,Expense
03/04/21,Car indeed nor next.,Travel,1204.82,Expense
03/04/21,How staff.,Entertainment,317.91,Expense
03/04/21,Authority interest red must art.,Rent,706.73,Expense
08/04/21,All important shoulder she.,Rent,1527.59,Expense
08/04/21,Year him thank trade.,Shopping,1691.86,Expense
09/04/21,Radio product.,Food & Drink,1221.9,Expense
11/04/21,President girl condition.,Travel,67.62,Expense
11/04/21,More road development about.,Travel,1843.86,Expense
12/04/21,Leg rest interest.,Utilities,1741.03,Expense
13/04/21,Easy get every.,Shopping,148.47,Expense
18/04/21,Special information.,Food & Drink,192.6,Expense
19/04/21,Deal beyond almost.,Shopping,845.47,Expense
19/04/21,Scientist i doctor.,Health & Fitness,630.16,Expense
19/04/21,Cell year.,Rent,1767.85,Expense
19/04/21,Five our pull fly few.,Investment,1168,Income
21/04/21,Determine feel article we they.,Shopping,976.47,Expense
23/04/21,Quickly new another general poor.,Travel,438.98,Expense
23/04/21,Five indicate chance heavy senior.,Health & Fitness,865.53,Expense
24/04/21,Support feeling remain.,Salary,1058.6,Expense
27/04/21,None whose.,Entertainment,796.57,Expense
27/04/21,Care drug data position two.,Food & Drink,416.8,Expense
27/04/21,Movie stop.,Utilities,1530.68,Expense
30/04/21,Help painting always.,Rent,25.38,Expense
02/05/21,Source onto provide.,Utilities,267.08,Expense
04/05/21,Decade trade field training.,Entertainment,1005.52,Expense
04/05/21,While bring yourself.,Health & Fitness,153.43,Expense
06/05/21,Receive region however.,Food & Drink,878.08,Expense
07/05/21,Focus executive letter possible final.,Rent,1725.6,Expense
07/05/21,Third letter sort reveal seven.,Shopping,1421.9,Expense
07/05/21,Have including none.,Rent,816.01,Expense
10/05/21,Administration network once.,Utilities,1604.63,Expense
11/05/21,Charge form here.,Health & Fitness,185.38,Expense
11/05/21,Nearly want front shake.,Entertainment,877,Expense
12/05/21,Leave run goal cause.,Rent,797.58,Expense
14/05/21,Contain threat wrong whatever.,Health & Fitness,450.93,Expense
14/05/21,Stuff avoid.,Rent,1025.86,Expense
15/05/21,Include successful.,Investment,3362,Income
17/05/21,Religious across.,Utilities,480.18,Expense
19/05/21,Health pay project pattern.,Investment,1921,Income
22/05/21,Administration mother in admit.,Rent,362.52,Expense
23/05/21,Within admit spend purpose south.,Salary,933.27,Expense
24/05/21,Truth modern.,Salary,1365.46,Expense
24/05/21,People education great.,Health & Fitness,1729.85,Expense
24/05/21,Health image.,Utilities,885.13,Expense
25/05/21,Wrong difficult range.,Travel,1594.7,Expense
25/05/21,Behavior here.,Health & Fitness,1019.6,Expense
27/05/21,Argue act commercial matter.,Salary,84.84,Expense
27/05/21,Not teach believe month.,Travel,162.69,Expense
29/05/21,Deep test thought.,Rent,1233.87,Expense
30/05/21,Another avoid understand.,Salary,1164.86,Expense
31/05/21,Probably conference sure administration debate.,Food & Drink,904.97,Expense
31/05/21,Up federal nor note.,Entertainment,649.84,Expense
02/06/21,Forward sense cause write right.,Utilities,1915.87,Expense
02/06/21,Approach join stuff future.,Health & Fitness,1964.95,Expense
03/06/21,Ahead event yeah make.,Investment,820,Income
06/06/21,Wait it quickly produce beat.,Salary,1982.06,Expense
06/06/21,Require bank child.,Utilities,734.16,Expense
06/06/21,First blood accept final.,Shopping,823.45,Expense
09/06/21,Bill beautiful issue.,Food & Drink,1580.56,Expense
11/06/21,Mention billion bed never others.,Rent,666.08,Expense
11/06/21,Activity including single right.,Shopping,575.45,Expense
14/06/21,Occur college herself.,Utilities,673.39,Expense
15/06/21,Feeling manage as.,Utilities,1834.33,Expense
16/06/21,Inside machine baby.,Shopping,266.61,Expense
20/06/21,Result many pattern.,Rent,626.07,Expense
20/06/21,Career according.,Health & Fitness,1628.24,Expense
22/06/21,Success here television key.,Rent,1295.59,Expense
23/06/21,Carry fly water cut fire.,Health & Fitness,46.28,Expense
24/06/21,Fact reason make office.,Entertainment,690.05,Expense
26/06/21,Heavy staff hotel box.,Entertainment,460.82,Expense
27/06/21,Or nation race.,Investment,2923,Income
28/06/21,Well left.,Rent,1020.3,Expense
28/06/21,Something story attorney summer.,Food & Drink,1327.24,Expense
28/06/21,Cause field education child.,Utilities,1198.52,Expense
28/06/21,Available wrong look husband.,Investment,1856,Income
29/06/21,Myself so growth time.,Food & Drink,827.61,Expense
04/07/21,Point be shoulder price great.,Entertainment,1939.48,Expense
04/07/21,Worker quality hundred sell whole.,Salary,475.67,Expense
04/07/21,Action else.,Salary,1808.91,Expense
06/07/21,Newspaper reach determine hear leg.,Other,4282,Income
07/07/21,General agency bit.,Shopping,1010.78,Expense
09/07/21,Break wait.,Utilities,1635.61,Expense
09/07/21,Find lay deal lot.,Utilities,1747.27,Expense
10/07/21,Just recent.,Other,3540,Income
10/07/21,Feel special.,Rent,1425.69,Expense
11/07/21,Support possible.,Rent,577.28,Expense
11/07/21,Might necessary former.,Travel,904.15,Expense
11/07/21,Discussion if continue policy.,Shopping,192.51,Expense
12/07/21,Ahead pass culture or.,Salary,1770.41,Expense
13/07/21,Relate day.,Shopping,115.98,Expense
14/07/21,Big the cost for leader.,Entertainment,778.47,Expense
15/07/21,Month police others particularly.,Investment,730,Income
19/07/21,Girl suddenly.,Rent,1679.96,Expense
19/07/21,Try opportunity public.,Utilities,283.82,Expense
23/07/21,Draw bring health.,Salary,1395.18,Expense
23/07/21,Home others offer institution main.,Other,4174,Income
24/07/21,Never majority cell.,Rent,47.82,Expense
28/07/21,People tend weight machine.,Utilities,1102.12,Expense
29/07/21,White measure manager range.,Shopping,231.26,Expense
02/08/21,Major bar air set.,Travel,252.48,Expense
06/08/21,Ever mrs.,Salary,134.99,Expense
07/08/21,Not significant manager member.,Salary,1197.51,Expense
07/08/21,Environmental myself.,Investment,1676,Income
08/08/21,State among rest national wrong.,Food & Drink,1233.47,Expense
09/08/21,Fear yourself last.,Shopping,382.75,Expense
11/08/21,Keep yes.,Health & Fitness,144.68,Expense
13/08/21,Specific onto go.,Food & Drink,787,Expense
13/08/21,Pattern size spend.,Shopping,1962.27,Expense
15/08/21,Go exactly much food region.,Food & Drink,720.62,Expense
16/08/21,Environment teach world quickly believe.,Investment,1349,Income
18/08/21,Yeah term.,Health & Fitness,275.49,Expense
20/08/21,Economic represent stock.,Health & Fitness,1628.88,Expense
21/08/21,Central plan physical heart.,Other,4420,Income
21/08/21,Idea seek.,Utilities,135.57,Expense
22/08/21,Wear force able similar.,Salary,83.6,Expense
23/08/21,Play recently sure somebody.,Entertainment,1772.72,Expense
24/08/21,Why station manager.,Travel,1035.61,Expense
25/08/21,Front official not.,Salary,514.09,Expense
27/08/21,Thus several animal phone.,Entertainment,579.36,Expense
29/08/21,Buy tax.,Food & Drink,1732.94,Expense
05/09/21,A when dark read.,Rent,1600.69,Expense
06/09/21,City usually ever.,Shopping,1489.18,Expense
09/09/21,Bar professor power.,Shopping,684.68,Expense
09/09/21,Personal rise sense investment.,Other,3509,Income
09/09/21,Ability live.,Travel,1604.28,Expense
10/09/21,Difficult quite act receive stage.,Rent,866.91,Expense
11/09/21,Local director become.,Utilities,1095.49,Expense
11/09/21,Finish thing.,Rent,662.56,Expense
11/09/21,Similar send card year.,Salary,1209.22,Expense
11/09/21,Most across.,Salary,709.58,Expense
15/09/21,Goal defense security turn.,Other,4063,Income
16/09/21,Beautiful beyond sell.,Food & Drink,159.33,Expense
16/09/21,White fire cause everybody.,Health & Fitness,1031.04,Expense
17/09/21,Network outside parent.,Utilities,1906.05,Expense
17/09/21,Day parent country.,Other,785,Income
19/09/21,Position six soldier.,Investment,3500,Income
19/09/21,History drop point audience.,Food & Drink,1214.14,Expense
19/09/21,Value car team nothing.,Health & Fitness,750.31,Expense
19/09/21,Raise several west side admit.,Utilities,1063.63,Expense
20/09/21,Energy always.,Travel,506.73,Expense
21/09/21,Media pick may indeed.,Investment,4588,Income
28/09/21,Policy mrs.,Rent,530.94,Expense
01/10/21,Base bad tv.,Salary,437,Expense
07/10/21,Force only shake power poor.,Salary,408.35,Expense
08/10/21,Role suffer around beat.,Investment,4203,Income
13/10/21,Law participant.,Other,1219,Income
13/10/21,Budget remain reduce.,Health & Fitness,1339,Expense
13/10/21,Well mission situation result.,Travel,1783.75,Expense
16/10/21,Camera sit environmental though.,Utilities,1589.46,Expense
20/10/21,Southern evening ask republican.,Rent,1970.41,Expense
21/10/21,Baby lawyer growth matter note.,Entertainment,1582.84,Expense
22/10/21,Effort bill off.,Other,4328,Income
24/10/21,Scientist able teach.,Utilities,1227.78,Expense
24/10/21,Animal hair turn.,Other,3761,Income
27/10/21,Need trial.,Salary,1056.13,Expense
27/10/21,Focus indicate result.,Rent,259.4,Expense
30/10/21,Number budget.,Rent,905.45,Expense
03/11/21,Development middle animal.,Health & Fitness,265.39,Expense
04/11/21,Theory tend.,Utilities,1537.89,Expense
05/11/21,Beat lead hard factor.,Investment,1517,Income
05/11/21,Drug happy will young simply.,Travel,337.67,Expense
06/11/21,Character usually agency.,Entertainment,698.59,Expense
07/11/21,Player really act friend.,Travel,1693.41,Expense
10/11/21,Billion morning draw.,Travel,259.09,Expense
15/11/21,Win central.,Rent,1010.12,Expense
16/11/21,Analysis discuss.,Investment,1902,Income
17/11/21,Red head window be.,Health & Fitness,1686.63,Expense
18/11/21,Card star avoid nothing.,Food & Drink,171.63,Expense
18/11/21,Door end fire.,Travel,1305.75,Expense
19/11/21,Fish evening avoid dark.,Shopping,1240.04,Expense
21/11/21,Choice clearly.,Other,2974,Income
21/11/21,Image movie who debate.,Shopping,601.89,Expense
21/11/21,Enter build citizen rather.,Investment,1794,Income
23/11/21,Structure foreign before.,Salary,934.24,Expense
26/11/21,How any federal star.,Utilities,632.04,Expense
27/11/21,Weight take.,Health & Fitness,1950.99,Expense
28/11/21,Economic left sound cause activity.,Other,4718,Income
01/12/21,Cup hundred rather.,Health & Fitness,491.06,Expense
02/12/21,Only true avoid young cup.,Other,2530,Income
03/12/21,Begin suggest speak.,Investment,2877,Income
03/12/21,Walk anything.,Shopping,504.06,Expense
08/12/21,Start house ahead raise.,Utilities,1628.82,Expense
09/12/21,Democrat cost evidence third.,Health & Fitness,387.77,Expense
09/12/21,People early far include nearly.,Other,4585,Income
11/12/21,Evidence case.,Salary,56.12,Expense
12/12/21,Eat yes myself affect him.,Salary,1933.71,Expense
13/12/21,Name machine tree maybe.,Health & Fitness,106.83,Expense
13/12/21,Conference five despite.,Salary,578.64,Expense
15/12/21,Speak line.,Investment,4030,Income
15/12/21,Yourself wind beyond prevent entire.,Other,3496,Income
16/12/21,Offer work home.,Health & Fitness,100.03,Expense
19/12/21,Door fish scene.,Investment,3469,Income
20/12/21,Agreement red way nor none.,Rent,778.83,Expense
20/12/21,My compare also argue.,Travel,1652.37,Expense
23/12/21,Money a.,Rent,266.04,Expense
24/12/21,Future concern sort.,Other,3277,Income
26/12/21,Against only.,Health & Fitness,1512.38,Expense
28/12/21,Suffer team.,Other,4596,Income
31/12/21,Relate product only from.,Investment,1622,Income
01/01/22,Wish run join.,Salary,1043.47,Expense
03/01/22,Company why really up.,Investment,3186,Income
03/01/22,Program sport her.,Health & Fitness,333.38,Expense
03/01/22,Concern ability reduce.,Travel,1191.51,Expense
04/01/22,Surface side nothing consider.,Salary,1420.39,Expense
05/01/22,Determine not view cell seat.,Food & Drink,743.03,Expense
06/01/22,Word collection those become.,Shopping,1171.57,Expense
08/01/22,Activity decide really go.,Food & Drink,1197.85,Expense
09/01/22,Answer just.,Entertainment,1445.59,Expense
13/01/22,This manage her.,Utilities,1053.22,Expense
13/01/22,Big look tell prepare.,Shopping,304.07,Expense
14/01/22,Later son almost.,Food & Drink,1149.41,Expense
16/01/22,End bit game thousand.,Entertainment,47.69,Expense
16/01/22,Natural together.,Utilities,831.79,Expense
18/01/22,Order party lot all.,Salary,1746.91,Expense
18/01/22,Threat church big day couple.,Food & Drink,1414.49,Expense
21/01/22,Enter example down anyone occur.,Health & Fitness,1996.26,Expense
21/01/22,Approach about because.,Shopping,634.37,Expense
22/01/22,Best deal point.,Other,4975,Income
23/01/22,Such final however major.,Travel,1224.05,Expense
24/01/22,Politics hold.,Investment,2785,Income
28/01/22,Hard knowledge enjoy let.,Entertainment,1883.56,Expense
01/02/22,Nor character recent.,Travel,1412.75,Expense
02/02/22,Property space.,Salary,640.91,Expense
05/02/22,Dinner article hit mission whole.,Travel,582.7,Expense
05/02/22,Think live bad total research.,Shopping,1792.56,Expense
06/02/22,Too song quality per build.,Health & Fitness,1909.67,Expense
08/02/22,We cold deep.,Travel,93.71,Expense
08/02/22,Amount bad raise.,Rent,699.26,Expense
09/02/22,Challenge organization floor road southern.,Travel,1497.2,Expense
10/02/22,News need task mind.,Travel,1866.72,Expense
10/02/22,Onto site both change note.,Utilities,227.36,Expense
10/02/22,Understand none.,Entertainment,492.49,Expense
10/02/22,Test they there.,Entertainment,1279.51,Expense
11/02/22,Pressure occur list common.,Other,3205,Income
14/02/22,Peace race i.,Rent,1365.57,Expense
17/02/22,Real any little environmental.,Investment,3833,Income
17/02/22,Full soldier.,Salary,960.12,Expense
17/02/22,Successful teach range.,Other,3131,Income
17/02/22,Feel season similar.,Food & Drink,1816.79,Expense
18/02/22,Rock painting become.,Investment,4883,Income
21/02/22,Tree imagine machine.,Food & Drink,1827.33,Expense
22/02/22,Start middle city find.,Investment,797,Income
22/02/22,Career surface these ahead.,Shopping,1578.04,Expense
25/02/22,Student economic lead.,Other,806,Income
27/02/22,Ever statement measure.,Investment,3244,Income
01/03/22,Drop major.,Salary,1779.63,Expense
02/03/22,Whether listen necessary.,Other,2735,Income
04/03/22,Study else store.,Investment,3208,Income
05/03/22,Agree anyone take.,Other,2607,Income
07/03/22,Positive question especially.,Food & Drink,1475.87,Expense
07/03/22,After sister should across treatment.,Entertainment,359.23,Expense
12/03/22,Song difference part wall require.,Shopping,1655.71,Expense
14/03/22,Time surface learn design.,Rent,807.66,Expense
17/03/22,Station however bill memory production.,Investment,4411,Income
17/03/22,Positive participant fear blue as.,Entertainment,23.59,Expense
18/03/22,Technology end represent throughout.,Salary,1509.98,Expense
18/03/22,Change she tonight.,Travel,1169.1,Expense
18/03/22,Race return pretty young.,Travel,1310.83,Expense
20/03/22,Identify say on yes.,Food & Drink,1338.89,Expense
20/03/22,Risk develop movement size.,Utilities,816.78,Expense
22/03/22,Feel color price next.,Travel,1383.68,Expense
23/03/22,Likely scientist.,Travel,741.41,Expense
23/03/22,Water tonight pressure.,Utilities,961.58,Expense
24/03/22,Development the inside thought.,Health & Fitness,837.53,Expense
25/03/22,One less brother.,Salary,1517.13,Expense
26/03/22,Oil per line create build.,Entertainment,1526.1,Expense
27/03/22,Fear approach take case customer.,Rent,1055.76,Expense
28/03/22,Throughout would century television congress.,Health & Fitness,165.42,Expense
28/03/22,Forward would finish around.,Food & Drink,1659.26,Expense
28/03/22,Decide similar office.,Entertainment,1149.68,Expense
28/03/22,Size sister can its.,Other,4762,Income
29/03/22,Investment local above move.,Entertainment,1436.67,Expense
29/03/22,Throughout series.,Salary,1619.3,Expense
31/03/22,Adult above safe.,Shopping,919.03,Expense
31/03/22,Fine bill me fill.,Other,3024,Income
31/03/22,Fear fact.,Shopping,516.37,Expense
01/04/22,Model its rather card you.,Investment,1098,Income
01/04/22,Seek close trade speech.,Other,1022,Income
01/04/22,Difference world deep.,Food & Drink,1869.82,Expense
01/04/22,Mean but represent society heart.,Other,759,Income
02/04/22,Perhaps order answer blue structure.,Utilities,1540.25,Expense
02/04/22,Indicate herself.,Shopping,755.18,Expense
03/04/22,Listen check receive.,Salary,1740.54,Expense
03/04/22,Inside big minute.,Shopping,169.7,Expense
04/04/22,Store bit responsibility brother.,Utilities,1310.53,Expense
05/04/22,Marriage participant.,Utilities,1985.77,Expense
08/04/22,Win group important civil nature.,Utilities,1458.44,Expense
09/04/22,Former able public trade.,Food & Drink,1514.8,Expense
09/04/22,Chance bed memory rich.,Salary,1350.26,Expense
10/04/22,Popular lead with.,Shopping,1648.49,Expense
10/04/22,Anyone spend them system.,Health & Fitness,318.69,Expense
16/04/22,International break surface three.,Investment,763,Income
18/04/22,Professional color group.,Shopping,1233.7,Expense
18/04/22,Environmental run head garden box.,Food & Drink,488.93,Expense
21/04/22,Even history surface son.,Investment,4157,Income
22/04/22,Car risk.,Food & Drink,497.02,Expense
22/04/22,Indeed opportunity.,Other,2419,Income
24/04/22,Consider here grow agreement.,Food & Drink,288.87,Expense
24/04/22,Turn both in animal.,Entertainment,1633.41,Expense
29/04/22,Actually than modern season.,Health & Fitness,1159.17,Expense
30/04/22,Within prove full.,Health & Fitness,481.44,Expense
02/05/22,Believe product eat generation put.,Entertainment,832.98,Expense
02/05/22,Stuff next write.,Utilities,1255.73,Expense
03/05/22,Poor church.,Salary,103.3,Expense
05/05/22,Thank avoid man drive.,Shopping,1573.75,Expense
05/05/22,Medical nearly.,Shopping,822.44,Expense
06/05/22,Stage bad know of.,Utilities,1511.29,Expense
07/05/22,Language budget market president.,Entertainment,608.47,Expense
07/05/22,Include news a before.,Salary,1830.33,Expense
07/05/22,None pressure lay future stay.,Shopping,1119,Expense
08/05/22,Forward should outside respond.,Investment,2588,Income
08/05/22,Box service develop game.,Rent,1845.23,Expense
09/05/22,Miss reduce animal clearly cell.,Rent,1075.91,Expense
09/05/22,Effect cultural.,Food & Drink,544.24,Expense
11/05/22,Democratic station course full.,Food & Drink,1748.5,Expense
13/05/22,Unit study.,Investment,4427,Income
13/05/22,Leader operation mean white.,Health & Fitness,613.34,Expense
14/05/22,Save network item one under.,Entertainment,1874.95,Expense
19/05/22,Community spring billion price paper.,Rent,1496.29,Expense
19/05/22,Thing industry participant realize.,Entertainment,1394.3,Expense
20/05/22,Huge garden family.,Shopping,1831.1,Expense
20/05/22,Include record security.,Travel,767.52,Expense
22/05/22,Team republican very plan cut.,Health & Fitness,623.76,Expense
23/05/22,Tv car report window.,Salary,937.35,Expense
24/05/22,My pm report set.,Salary,1525.64,Expense
24/05/22,Old wall report purpose.,Entertainment,747.7,Expense
25/05/22,There institution actually.,Entertainment,1485.09,Expense
27/05/22,Herself apply.,Other,2918,Income
28/05/22,Environment size worker.,Other,2384,Income
29/05/22,Style real far.,Entertainment,1003.61,Expense
29/05/22,Grow laugh.,Health & Fitness,522.08,Expense
30/05/22,Score night down.,Salary,927.05,Expense
30/05/22,Unit hold.,Health & Fitness,346.84,Expense
31/05/22,Approach season data than team.,Salary,376.26,Expense
01/06/22,Treatment relate positive.,Food & Drink,1052.65,Expense
01/06/22,Cultural right cover large work.,Rent,1890.92,Expense
04/06/22,While same budget.,Food & Drink,830.66,Expense
04/06/22,Evidence enough claim suffer.,Entertainment,145.26,Expense
06/06/22,Letter visit always up.,Investment,4642,Income
07/06/22,Past product make of group.,Food & Drink,1239.49,Expense
07/06/22,Detail contain attention measure indeed.,Salary,1321.98,Expense
11/06/22,Begin determine degree forward.,Other,597,Income
11/06/22,Despite sell most.,Other,4888,Income
12/06/22,Boy generation.,Food & Drink,1009.41,Expense
12/06/22,Truth during always those high.,Shopping,1614.27,Expense
12/06/22,Either rich agency might.,Rent,1836.92,Expense
13/06/22,Sort knowledge analysis together court.,Entertainment,391.94,Expense
17/06/22,Way cold.,Health & Fitness,541.98,Expense
17/06/22,Account assume prove similar ten.,Health & Fitness,1919,Expense
18/06/22,Day stock.,Entertainment,1980.56,Expense
19/06/22,Section child.,Rent,1310.93,Expense
20/06/22,Also available concern edge.,Food & Drink,196.07,Expense
21/06/22,Start treat imagine later identify.,Salary,121.67,Expense
21/06/22,Hope brother.,Investment,1177,Income
23/06/22,As second animal summer group.,Shopping,1293.37,Expense
23/06/22,Face rate.,Rent,1790.63,Expense
25/06/22,She join house.,Entertainment,430.72,Expense
25/06/22,Choose detail section someone.,Salary,549.48,Expense
26/06/22,Whether century quality.,Travel,1799.63,Expense
26/06/22,Network never.,Food & Drink,366.92,Expense
30/06/22,Above others.,Food & Drink,1923.32,Expense
01/07/22,Water fight security tough gas.,Shopping,1858.46,Expense
02/07/22,Central contain pattern education boy.,Entertainment,1137.72,Expense
04/07/22,Surface usually.,Health & Fitness,773.85,Expense
04/07/22,Popular available public economy.,Rent,1006.58,Expense
04/07/22,Maintain former campaign pretty beyond.,Food & Drink,204.39,Expense
05/07/22,Fish late pattern.,Rent,687.78,Expense
06/07/22,Charge note space when collection.,Shopping,1938.15,Expense
13/07/22,Size republican political.,Travel,1569.26,Expense
17/07/22,Care run there leg.,Entertainment,718.06,Expense
17/07/22,Main board population.,Shopping,379.62,Expense
17/07/22,Teach cause mrs.,Shopping,180.53,Expense
18/07/22,Baby away affect medical all.,Entertainment,1429.09,Expense
18/07/22,If operation trade necessary myself.,Investment,3612,Income
19/07/22,President chance hotel through.,Utilities,1481.91,Expense
20/07/22,Let member however.,Rent,192.13,Expense
22/07/22,Production summer.,Salary,726.24,Expense
25/07/22,Cell city not not the.,Utilities,183.72,Expense
27/07/22,Voice american seven discussion.,Shopping,215.55,Expense
27/07/22,Doctor protect military social.,Investment,3157,Income
27/07/22,Truth thing always possible.,Food & Drink,590.78,Expense
27/07/22,Plant event score official now.,Rent,1452.44,Expense
28/07/22,Half president structure might.,Entertainment,1148.2,Expense
28/07/22,Might good test.,Other,1888,Income
29/07/22,Thought according think key.,Other,2698,Income
30/07/22,Method exactly.,Rent,342.74,Expense
31/07/22,Church own stage.,Travel,973.62,Expense
02/08/22,Specific result loss long.,Other,2520,Income
02/08/22,Claim street against amount of.,Salary,1191.67,Expense
03/08/22,Picture always occur.,Investment,1609,Income
04/08/22,Election conference when.,Shopping,671.11,Expense
06/08/22,These road.,Health & Fitness,886.04,Expense
07/08/22,Describe paper.,Utilities,607.87,Expense
12/08/22,Color store over some.,Entertainment,963.23,Expense
13/08/22,Process enough right garden law.,Other,3114,Income
15/08/22,Her car admit.,Salary,1935.85,Expense
15/08/22,Range step painting concern.,Health & Fitness,758.35,Expense
16/08/22,Me brother lot candidate owner.,Shopping,736.38,Expense
16/08/22,Miss have analysis morning.,Entertainment,1188.53,Expense
17/08/22,Smile high open scientist.,Food & Drink,1906.48,Expense
18/08/22,International effort.,Entertainment,882.53,Expense
19/08/22,Exist theory.,Rent,1639.74,Expense
21/08/22,Country remember smile.,Shopping,1349.23,Expense
21/08/22,Brother according pressure reach firm.,Other,2482,Income
22/08/22,Choice prepare.,Utilities,1433.32,Expense
22/08/22,Talk interest hand.,Rent,903.64,Expense
23/08/22,Sense including six lot.,Shopping,1073.39,Expense
24/08/22,Never effect fill general relationship.,Shopping,1091.85,Expense
26/08/22,Security land record.,Health & Fitness,1406.25,Expense
26/08/22,Democrat hundred.,Rent,227.65,Expense
28/08/22,Pass range appear home player.,Health & Fitness,341.01,Expense
29/08/22,Likely outside because.,Shopping,1933.95,Expense
30/08/22,He participant right.,Shopping,220.83,Expense
31/08/22,Prevent expert white arm similar.,Investment,4683,Income
31/08/22,Keep cut prevent sound.,Entertainment,897.1,Expense
01/09/22,Almost outside middle.,Utilities,696.49,Expense
02/09/22,College already dream a church.,Investment,2920,Income
03/09/22,Good house only military.,Rent,240.98,Expense
03/09/22,Near risk.,Utilities,703.17,Expense
03/09/22,Give white everybody paper create.,Entertainment,1047.02,Expense
04/09/22,Above company media next me.,Rent,881.95,Expense
04/09/22,Sort what.,Health & Fitness,143.68,Expense
05/09/22,Economic kind help low during.,Investment,685,Income
06/09/22,Race to television loss.,Rent,1357.51,Expense
07/09/22,Him small.,Investment,4727,Income
08/09/22,Son include good.,Investment,3211,Income
10/09/22,Red enjoy.,Salary,471.39,Expense
11/09/22,Human see.,Utilities,380.91,Expense
11/09/22,Never condition.,Shopping,68.09,Expense
12/09/22,Despite off consumer second.,Entertainment,904.65,Expense
14/09/22,Say dog drug enter.,Food & Drink,1412.42,Expense
15/09/22,Strong student green.,Rent,1158.92,Expense
15/09/22,Turn put professional.,Utilities,737.93,Expense
17/09/22,When summer he firm together.,Investment,2649,Income
18/09/22,Make worker trouble.,Salary,1060.15,Expense
19/09/22,Develop office approach son.,Shopping,1226.5,Expense
19/09/22,Allow girl team simply lead.,Health & Fitness,710.45,Expense
21/09/22,Least ready activity decision ok.,Utilities,1629.34,Expense
23/09/22,Party employee nature down.,Travel,1838.18,Expense
26/09/22,Gas contain interest industry sell.,Utilities,633.24,Expense
26/09/22,Evidence conference capital office.,Rent,374.26,Expense
28/09/22,Result sound.,Shopping,842.3,Expense
29/09/22,Task cultural son school.,Other,3965,Income
29/09/22,Computer matter.,Investment,1866,Income
30/09/22,Result size feel no nothing.,Utilities,382.33,Expense
01/10/22,Real art.,Food & Drink,1732.39,Expense
02/10/22,Stuff benefit seat employee.,Salary,281.7,Expense
03/10/22,Newspaper special general in go.,Salary,824.18,Expense
04/10/22,Office power company sister great.,Salary,982.51,Expense
04/10/22,Simple land bad party.,Investment,2306,Income
05/10/22,What than political up instead.,Travel,457.44,Expense
08/10/22,Support author class direction.,Salary,1135.64,Expense
10/10/22,Report painting house.,Salary,1103.96,Expense
12/10/22,Security minute late cold.,Investment,2694,Income
12/10/22,Road product wait.,Health & Fitness,1088.67,Expense
13/10/22,Cold billion as.,Salary,1097.24,Expense
19/10/22,Approach side model you billion.,Rent,1474.62,Expense
19/10/22,Pressure those.,Entertainment,602.44,Expense
20/10/22,Easy exist phone.,Salary,533,Expense
21/10/22,Stuff agreement professional team foot.,Rent,883.75,Expense
22/10/22,Window music evening know.,Entertainment,427.66,Expense
23/10/22,Opportunity lead see.,Health & Fitness,1723.49,Expense
25/10/22,Model police finally girl.,Shopping,340.3,Expense
28/10/22,Source kind hand.,Investment,2195,Income
30/10/22,Field a spring.,Health & Fitness,1069.24,Expense
31/10/22,Expert movement reach man.,Utilities,654.07,Expense
03/11/22,Across involve fall.,Travel,1149.74,Expense
04/11/22,Nature country.,Rent,279.82,Expense
05/11/22,House clear say hope.,Shopping,1838.35,Expense
07/11/22,Enjoy instead dream.,Utilities,1405.84,Expense
07/11/22,Possible mother especially.,Investment,3138,Income
09/11/22,Consumer face.,Shopping,984.02,Expense
10/11/22,Laugh red man fly charge.,Travel,1259.35,Expense
13/11/22,Control bill.,Rent,1270.92,Expense
14/11/22,Resource road do.,Rent,811.67,Expense
14/11/22,Management game.,Health & Fitness,914.84,Expense
15/11/22,Your less social form.,Food & Drink,1739.13,Expense
17/11/22,Entire hotel.,Rent,1464.55,Expense
17/11/22,Consider time economic high.,Health & Fitness,1701.71,Expense
18/11/22,Window research his.,Shopping,443.48,Expense
19/11/22,Scene almost leave.,Entertainment,994.48,Expense
21/11/22,Program decade home which view.,Travel,682.13,Expense
22/11/22,Rock seat near business loss.,Salary,1578.72,Expense
26/11/22,Growth appear project.,Food & Drink,101.43,Expense
26/11/22,Plan foot cold.,Salary,42.4,Expense
28/11/22,Build smile across among situation.,Utilities,888.16,Expense
28/11/22,Choice side eat matter rather.,Other,2157,Income
01/12/22,Art green child movie blue.,Utilities,1765.47,Expense
03/12/22,First next popular.,Travel,195.75,Expense
04/12/22,Run again help right.,Rent,749.97,Expense
05/12/22,Magazine join.,Utilities,113.06,Expense
05/12/22,Recent couple cost girl run.,Entertainment,864.17,Expense
07/12/22,Trial never attention choice fast.,Investment,508,Income
12/12/22,Happen a point here control.,Rent,274.07,Expense
13/12/22,Task simply draw return probably.,Salary,28.48,Expense
15/12/22,Couple raise she child.,Rent,1976.43,Expense
16/12/22,Important focus benefit probably.,Utilities,960.62,Expense
18/12/22,Condition all blood.,Rent,1464.22,Expense
22/12/22,All politics.,Other,3511,Income
28/12/22,Moment red eight hand.,Utilities,771.61,Expense
30/12/22,Us decade.,Utilities,1286.74,Expense
31/12/22,Life police.,Rent,1065.71,Expense
03/01/23,Sea three state some around.,Investment,4105,Income
04/01/23,American audience fight war whether.,Entertainment,1259.88,Expense
04/01/23,Rise mother.,Other,4124,Income
06/01/23,Moment eat personal.,Rent,1794.22,Expense
09/01/23,See indeed black police group.,Investment,3645,Income
10/01/23,Third coach congress husband.,Shopping,635.86,Expense
11/01/23,Move outside value.,Other,1190,Income
13/01/23,Yard foot he share issue.,Travel,1560.15,Expense
15/01/23,Drive nation heart nearly season.,Travel,418.84,Expense
16/01/23,Language however risk work.,Entertainment,1498.21,Expense
17/01/23,Career three according worker democrat.,Food & Drink,1569.77,Expense
18/01/23,Sign wall.,Entertainment,994.83,Expense
19/01/23,Memory number occur behind leave.,Other,1081,Income
19/01/23,Enter threat economic.,Food & Drink,1973.9,Expense
19/01/23,Begin hundred truth.,Utilities,779.81,Expense
19/01/23,Society common stay ready.,Shopping,737.17,Expense
19/01/23,Organization feel.,Salary,1909.36,Expense
20/01/23,Bad argue side girl.,Food & Drink,1178.85,Expense
21/01/23,Us building side section.,Investment,826,Income
21/01/23,Him fight american music change.,Shopping,1018.16,Expense
22/01/23,Check purpose young.,Shopping,852.91,Expense
23/01/23,Offer bed it skill challenge.,Utilities,562.16,Expense
23/01/23,Live seat.,Entertainment,1948.88,Expense
23/01/23,Energy huge its recently.,Other,3700,Income
24/01/23,Nice maintain present cultural.,Rent,627.24,Expense
24/01/23,Drug entire involve.,Entertainment,125.23,Expense
24/01/23,Both including.,Other,1450,Income
24/01/23,Couple general pretty show.,Food & Drink,625.49,Expense
24/01/23,Pattern wrong kind certainly.,Utilities,247.69,Expense
24/01/23,Current health serious.,Food & Drink,336.03,Expense
25/01/23,Science drug.,Travel,342.26,Expense
26/01/23,Add really born.,Other,1467,Income
27/01/23,Age decade mrs data.,Food & Drink,676.67,Expense
27/01/23,Nature performance yeah.,Rent,533.27,Expense
28/01/23,On professional analysis color.,Rent,997.33,Expense
29/01/23,Smile peace apply.,Food & Drink,1004.22,Expense
29/01/23,Home even.,Health & Fitness,323.05,Expense
30/01/23,Affect test.,Rent,464.52,Expense
31/01/23,Woman meet report.,Food & Drink,1718.79,Expense
31/01/23,Term mother cost may.,Investment,4364,Income
01/02/23,Unit again easy morning four.,Utilities,366.13,Expense
02/02/23,Adult range green.,Food & Drink,1110.2,Expense
03/02/23,You without every.,Shopping,456.79,Expense
06/02/23,Election hit yourself wrong want.,Health & Fitness,549.8,Expense
07/02/23,Charge today prevent.,Other,1478,Income
07/02/23,Minute question their rather.,Food & Drink,366.9,Expense
08/02/23,Of interview fine.,Food & Drink,1908.62,Expense
08/02/23,My deal catch must.,Other,2812,Income
09/02/23,Finally relate model.,Travel,661.33,Expense
12/02/23,Yet wish certain usually.,Food & Drink,744.15,Expense
13/02/23,Attack mouth rest contain.,Travel,1481.76,Expense
15/02/23,She they.,Health & Fitness,1187.46,Expense
16/02/23,Field seat start pm.,Entertainment,1467.6,Expense
18/02/23,Single blood continue.,Entertainment,309.63,Expense
20/02/23,Note discuss discussion reach grow.,Food & Drink,473.67,Expense
20/02/23,Maybe painting republican.,Food & Drink,1902.47,Expense
22/02/23,System man case.,Other,3019,Income
22/02/23,Allow share address.,Investment,3939,Income
24/02/23,Development provide dark daughter.,Food & Drink,1945.39,Expense
26/02/23,Term majority foot leader.,Other,1262,Income
26/02/23,If among save herself.,Investment,4757,Income
26/02/23,Particularly score order modern.,Health & Fitness,922.33,Expense
28/02/23,Body lead there there early.,Rent,1015.8,Expense
03/03/23,Worker always hold share.,Shopping,158.91,Expense
03/03/23,Fact huge fight.,Shopping,1328.26,Expense
05/03/23,Coach family try ready.,Other,2638,Income
05/03/23,Stop later reveal both.,Shopping,1404.44,Expense
05/03/23,Career including late condition opportunity.,Health & Fitness,910.99,Expense
07/03/23,Bed food possible represent.,Entertainment,280.86,Expense
08/03/23,Before relationship plant.,Rent,319.27,Expense
08/03/23,Religious risk window partner civil.,Other,3072,Income
08/03/23,Analysis color friend the.,Health & Fitness,1929.62,Expense
08/03/23,Than condition republican.,Travel,932.06,Expense
10/03/23,Finally shoulder land.,Rent,323.65,Expense
10/03/23,Together whether about.,Food & Drink,437.89,Expense
12/03/23,Learn talk.,Utilities,191.51,Expense
13/03/23,Part management.,Health & Fitness,798.53,Expense
13/03/23,Process law kind over according.,Other,2631,Income
13/03/23,People newspaper stay.,Utilities,71.85,Expense
15/03/23,Challenge president already.,Salary,1116.35,Expense
15/03/23,Study fear turn any indicate.,Rent,929.47,Expense
16/03/23,Public particularly reality.,Utilities,251.69,Expense
16/03/23,Concern lay often use behavior.,Investment,1570,Income
18/03/23,Happy her attack interview.,Other,3549,Income
18/03/23,Fall care.,Rent,1168.82,Expense
21/03/23,Money modern receive partner.,Rent,53.38,Expense
22/03/23,Role pick would low read.,Other,1555,Income
23/03/23,Participant first moment yet.,Other,1503,Income
23/03/23,Pass market role.,Other,914,Income
23/03/23,Space this discussion fact.,Other,3735,Income
24/03/23,Brother let.,Shopping,1369.59,Expense
27/03/23,Son yourself increase.,Investment,2033,Income
29/03/23,Night point action cut.,Salary,1768.01,Expense
30/03/23,So film media.,Investment,2917,Income
31/03/23,Box four.,Salary,131.35,Expense
31/03/23,Pattern ahead compare form full.,Utilities,844.28,Expense
01/04/23,Something population loss physical.,Entertainment,1265.2,Expense
01/04/23,Leg sport until argue.,Food & Drink,1978.91,Expense
04/04/23,North question new.,Health & Fitness,964.57,Expense
07/04/23,Officer forward trouble.,Health & Fitness,1826.23,Expense
08/04/23,Wide exactly.,Shopping,548.17,Expense
09/04/23,Worker phone success number.,Investment,740,Income
10/04/23,Organization ten seem.,Travel,126.6,Expense
10/04/23,Even beautiful.,Health & Fitness,1536.02,Expense
13/04/23,Later week democratic few.,Utilities,209.27,Expense
15/04/23,Size sing tree kitchen.,Travel,1072.04,Expense
16/04/23,Toward child future low.,Food & Drink,1530.46,Expense
20/04/23,Simply century the.,Shopping,716.06,Expense
20/04/23,Day already hold.,Utilities,360.44,Expense
21/04/23,About usually.,Health & Fitness,1828.82,Expense
22/04/23,Level animal minute probably.,Other,1664,Income
22/04/23,Officer fine.,Entertainment,1675.03,Expense
23/04/23,Customer expert mother significant.,Salary,1088.83,Expense
24/04/23,Chance event address.,Investment,1239,Income
25/04/23,Bill my near even wall.,Investment,663,Income
02/05/23,Each author party full kitchen.,Food & Drink,670.15,Expense
02/05/23,Likely push.,Utilities,688.11,Expense
03/05/23,Approach interview condition other.,Other,987,Income
05/05/23,Green forward cup serve speak.,Investment,1408,Income
05/05/23,Nothing behavior sort recognize.,Health & Fitness,1921.51,Expense
05/05/23,Financial popular short like.,Shopping,1176.17,Expense
07/05/23,Technology pay tree.,Health & Fitness,281.54,Expense
12/05/23,Record professor small.,Other,4491,Income
14/05/23,Maintain assume both long.,Utilities,1417.29,Expense
14/05/23,Should page camera.,Health & Fitness,454.24,Expense
14/05/23,Stage someone for power.,Utilities,762.98,Expense
15/05/23,Leave opportunity draw during city.,Travel,263.42,Expense
15/05/23,At decade really issue.,Shopping,1703.01,Expense
16/05/23,Skin name door production back.,Food & Drink,372.34,Expense
17/05/23,Boy other foot best.,Entertainment,1282.9,Expense
18/05/23,Final image our.,Other,1652,Income
19/05/23,Management produce bed stage.,Rent,483.61,Expense
20/05/23,Serious produce.,Utilities,1276.01,Expense
20/05/23,Factor past language day theory.,Health & Fitness,898.79,Expense
20/05/23,Some quickly truth view response.,Entertainment,1389.42,Expense
22/05/23,Old particularly.,Rent,1443.62,Expense
22/05/23,Summer system artist too.,Other,3937,Income
22/05/23,Reflect star.,Shopping,991.23,Expense
25/05/23,Technology tend.,Shopping,211.84,Expense
28/05/23,Reduce hour fish him.,Entertainment,333.69,Expense
29/05/23,Nation production little could.,Investment,2915,Income
29/05/23,Style child young prove.,Other,1357,Income
30/05/23,Author administration.,Investment,3575,Income
02/06/23,Window career case south.,Investment,4981,Income
03/06/23,Us perhaps lawyer interest star.,Rent,682.52,Expense
04/06/23,Difficult interesting account marriage.,Salary,1411.96,Expense
05/06/23,Especially unit office almost.,Utilities,1218.56,Expense
08/06/23,Low happy oil which bag.,Food & Drink,211.5,Expense
08/06/23,Let back three.,Entertainment,824.47,Expense
09/06/23,Line score whether.,Travel,1324.59,Expense
09/06/23,Something fine apply gas sing.,Rent,108.77,Expense
10/06/23,Mention light safe inside.,Salary,315.64,Expense
10/06/23,Cold reason our.,Shopping,184.38,Expense
13/06/23,Employee picture official of prevent.,Salary,407.35,Expense
15/06/23,Agree machine camera baby six.,Investment,2890,Income
16/06/23,Past every either.,Salary,1689.1,Expense
16/06/23,Company option character land space.,Shopping,947.18,Expense
17/06/23,Machine son television.,Travel,191.36,Expense
17/06/23,Whose other.,Utilities,748.33,Expense
19/06/23,Sell include himself produce.,Utilities,897.09,Expense
21/06/23,Official success approach.,Salary,534.17,Expense
22/06/23,Apply less.,Food & Drink,310.75,Expense
22/06/23,Live way two.,Rent,180.56,Expense
23/06/23,Raise hope enjoy most.,Shopping,1941.7,Expense
25/06/23,Eye something.,Food & Drink,1683.19,Expense
25/06/23,Which raise american truth.,Shopping,1931.6,Expense
25/06/23,Particular present evening establish.,Salary,1149.7,Expense
26/06/23,Pressure hospital significant.,Travel,167.12,Expense
30/06/23,Side mind question year finish.,Food & Drink,1009.18,Expense
01/07/23,Story activity.,Utilities,249.36,Expense
02/07/23,Billion land detail exist cover.,Utilities,1898.63,Expense
05/07/23,Begin voice prevent structure wear.,Investment,2078,Income
05/07/23,Beat painting heavy.,Other,1141,Income
06/07/23,To receive education.,Shopping,411.82,Expense
07/07/23,Police two.,Utilities,1669.88,Expense
07/07/23,Realize property show either.,Rent,183.18,Expense
10/07/23,Since him four.,Health & Fitness,1714.68,Expense
10/07/23,Western enough key.,Food & Drink,1575.24,Expense
10/07/23,Particular condition man.,Shopping,233.91,Expense
10/07/23,Shoulder despite poor tree resource.,Investment,1365,Income
11/07/23,Authority number.,Rent,1573.63,Expense
13/07/23,Affect marriage present a.,Health & Fitness,1757.01,Expense
15/07/23,Entire record toward off.,Salary,1148.33,Expense
15/07/23,Long identify road speech.,Utilities,558.07,Expense
15/07/23,Difficult his ready sister building.,Other,817,Income
15/07/23,Four field area young.,Health & Fitness,1384.12,Expense
15/07/23,Movement which ball least.,Other,2700,Income
16/07/23,Computer always his.,Food & Drink,682.35,Expense
17/07/23,Receive to piece.,Travel,567.89,Expense
18/07/23,Be plan same cause.,Rent,1945.27,Expense
19/07/23,Rest or.,Travel,1948.7,Expense
19/07/23,As music film move.,Health & Fitness,546.15,Expense
20/07/23,Already argue.,Rent,383.99,Expense
21/07/23,Brother southern project learn.,Shopping,1484.48,Expense
23/07/23,Scientist do author.,Health & Fitness,1643.82,Expense
25/07/23,President likely truth animal.,Utilities,140.58,Expense
26/07/23,Common anyone.,Shopping,279.94,Expense
27/07/23,Lay color.,Food & Drink,355.74,Expense
27/07/23,Box organization.,Entertainment,1675.58,Expense
30/07/23,Source international.,Salary,110.61,Expense
01/08/23,Building range national focus.,Entertainment,555.22,Expense
04/08/23,Or friend.,Shopping,1274.47,Expense
05/08/23,Center indeed recent.,Investment,2481,Income
07/08/23,Just understand american.,Salary,363.39,Expense
07/08/23,Partner sing administration main according.,Health & Fitness,695.06,Expense
09/08/23,Religious order.,Travel,1500.43,Expense
09/08/23,Really society live camera.,Travel,64.63,Expense
10/08/23,Mission include visit.,Investment,2313,Income
10/08/23,Conference matter wear physical site.,Entertainment,545.48,Expense
11/08/23,Above dog brother morning.,Food & Drink,1730.61,Expense
16/08/23,Gun seven music despite show.,Food & Drink,953.45,Expense
17/08/23,Apply both chance.,Investment,569,Income
17/08/23,Computer prove amount population.,Travel,1428.35,Expense
21/08/23,Itself free source.,Travel,853.38,Expense
22/08/23,Bit appear.,Health & Fitness,923.41,Expense
23/08/23,Citizen ahead method.,Travel,1357.62,Expense
25/08/23,Return or for.,Shopping,1173.13,Expense
27/08/23,Discover body direction down.,Other,2815,Income
30/08/23,Heart determine likely.,Rent,968.66,Expense
30/08/23,Three certain.,Travel,1284.78,Expense
30/08/23,Hold carry rest.,Travel,1315.68,Expense
30/08/23,Dark camera realize.,Travel,384.84,Expense
01/09/23,Carry surface learn.,Entertainment,1800.38,Expense
01/09/23,Detail far church some.,Shopping,1324.46,Expense
03/09/23,Wife talk beat tax majority.,Food & Drink,1314.25,Expense
04/09/23,List leg address into their.,Travel,1814.75,Expense
04/09/23,Its develop until watch.,Food & Drink,1170.22,Expense
04/09/23,Individual analysis.,Entertainment,692.9,Expense
07/09/23,Almost most look something.,Salary,1813.99,Expense
10/09/23,Manager bar send really.,Travel,1692.38,Expense
11/09/23,Car fast positive.,Utilities,594.63,Expense
11/09/23,Look fight.,Travel,1453.12,Expense
12/09/23,Section agency lawyer sign them.,Utilities,1894.38,Expense
12/09/23,Smile have less.,Rent,452.28,Expense
13/09/23,Audience throw four allow international.,Travel,846.74,Expense
14/09/23,My some skin ball thing.,Health & Fitness,528.51,Expense
14/09/23,War push thousand book half.,Rent,946.37,Expense
14/09/23,Hand possible relate night.,Rent,949.72,Expense
15/09/23,Wonder draw box.,Investment,3626,Income
15/09/23,That reflect send set fly.,Shopping,117.58,Expense
16/09/23,Quite everyone as generation.,Utilities,1984.77,Expense
16/09/23,Money but report question.,Salary,295.02,Expense
21/09/23,Later happy pull.,Utilities,1560.09,Expense
21/09/23,Throughout leader bag.,Utilities,633.69,Expense
23/09/23,When baby clearly.,Other,2740,Income
24/09/23,Many themselves minute.,Utilities,1156.8,Expense
28/09/23,Indicate radio use.,Investment,1560,Income
29/09/23,Information scene again country.,Shopping,812.75,Expense
03/10/23,Strong mind from.,Shopping,19.29,Expense
04/10/23,Pretty skin main program.,Health & Fitness,1900.64,Expense
04/10/23,Knowledge fight car smile commercial.,Entertainment,45.65,Expense
05/10/23,Machine wife show.,Investment,2353,Income
06/10/23,Good lay coach.,Health & Fitness,631.06,Expense
08/10/23,Expect win stuff realize project.,Other,1868,Income
08/10/23,Draw american first.,Investment,2942,Income
08/10/23,Employee continue none alone.,Salary,1458.39,Expense
09/10/23,Challenge large wish move.,Health & Fitness,872.99,Expense
09/10/23,Identify material.,Utilities,692.04,Expense
11/10/23,Until choose wife national.,Health & Fitness,1502.73,Expense
13/10/23,Positive far time wide.,Other,656,Income
14/10/23,Son rock two.,Utilities,430.27,Expense
14/10/23,Rule too.,Investment,1508,Income
15/10/23,Bring agent pay detail group.,Food & Drink,756.63,Expense
15/10/23,Part crime.,Food & Drink,1191.91,Expense
16/10/23,Sit short cultural.,Investment,661,Income
17/10/23,Support quality whatever wish hour.,Investment,3914,Income
17/10/23,Owner memory argue project.,Rent,1099.09,Expense
27/10/23,Respond into history.,Utilities,418.93,Expense
27/10/23,General final knowledge.,Food & Drink,609.22,Expense
29/10/23,Democratic thousand.,Travel,1249.37,Expense
30/10/23,Eye south wife interest.,Shopping,1663,Expense
30/10/23,Structure our century.,Investment,2815,Income
04/11/23,Write moment friend value.,Investment,4577,Income
05/11/23,According police.,Investment,2654,Income
08/11/23,Company left nothing trip.,Entertainment,722.26,Expense
08/11/23,Strategy face make.,Utilities,88.42,Expense
08/11/23,Fight nice less agree able.,Entertainment,1379.53,Expense
09/11/23,What strong line.,Entertainment,15.45,Expense
09/11/23,Conference trade population agreement.,Rent,1672.11,Expense
11/11/23,Yes at seat ok.,Utilities,1899.4,Expense
11/11/23,Than physical live reason.,Rent,1449.89,Expense
13/11/23,Mention offer suddenly clear.,Other,2393,Income
14/11/23,Floor there career.,Travel,535.61,Expense
14/11/23,Evening information.,Investment,823,Income
15/11/23,Face morning.,Health & Fitness,1605.18,Expense
17/11/23,Create physical share out cold.,Rent,199.05,Expense
18/11/23,Step rate feeling rate.,Food & Drink,29.25,Expense
21/11/23,Move goal.,Investment,3192,Income
21/11/23,Carry example.,Salary,1910.63,Expense
22/11/23,Future treat bill choice.,Rent,751.52,Expense
23/11/23,Somebody next ready.,Rent,807.55,Expense
23/11/23,Republican reduce sort individual trouble.,Travel,1673.06,Expense
26/11/23,Type look find.,Salary,1601.8,Expense
26/11/23,Stage threat our.,Utilities,234.98,Expense
26/11/23,Report agreement sport.,Food & Drink,1963.32,Expense
26/11/23,Task central dinner.,Rent,837.9,Expense
27/11/23,Candidate bad real.,Salary,370.71,Expense
27/11/23,Affect machine.,Health & Fitness,1226.6,Expense
28/11/23,Cultural allow.,Utilities,971.33,Expense
28/11/23,Arrive budget education at property.,Shopping,886.97,Expense
29/11/23,Turn day top.,Other,601,Income
05/12/23,Ahead certainly second everyone.,Entertainment,1956.01,Expense
05/12/23,Goal talk sit party.,Health & Fitness,1043.01,Expense
06/12/23,Attention standard shake more respond.,Rent,871.37,Expense
08/12/23,Top mr wind.,Salary,698.04,Expense
09/12/23,Turn surface listen.,Shopping,305.82,Expense
09/12/23,Pull blue strong wonder.,Food & Drink,33.17,Expense
10/12/23,Method imagine seven.,Salary,1705.22,Expense
11/12/23,Letter mind many.,Rent,1505.35,Expense
13/12/23,News american foreign.,Health & Fitness,1940.59,Expense
14/12/23,Exist outside find wish.,Investment,3601,Income
14/12/23,Network fact talk.,Entertainment,166.87,Expense
18/12/23,Thus sort.,Salary,185.16,Expense
20/12/23,Actually purpose public.,Health & Fitness,246.23,Expense
21/12/23,Mission put budget house.,Food & Drink,214.26,Expense
22/12/23,Ask window full.,Food & Drink,1653.56,Expense
23/12/23,Do interesting material.,Travel,1781.32,Expense
25/12/23,Event smile popular hundred live.,Salary,1901.21,Expense
26/12/23,Memory challenge lawyer business.,Food & Drink,1635.01,Expense
27/12/23,Discuss wall ahead scene.,Health & Fitness,1124.7,Expense
29/12/23,Question will him quickly.,Salary,1436.15,Expense
29/12/23,Perform benefit baby.,Salary,236.91,Expense
29/12/23,Society dark product make.,Entertainment,14.37,Expense
02/01/24,Gas teacher national weight all.,Travel,1099.9,Expense
02/01/24,Himself fire heavy.,Rent,101.1,Expense
04/01/24,Allow news.,Investment,3852,Income
04/01/24,Man care resource.,Investment,2036,Income
07/01/24,Notice make.,Other,2266,Income
09/01/24,Occur live take media hot.,Entertainment,1436.41,Expense
09/01/24,Wife pay good within fly.,Other,880,Income
10/01/24,And student give score agree.,Rent,1546.57,Expense
11/01/24,Best generation group goal.,Utilities,1928.07,Expense
11/01/24,Doctor fine be.,Investment,4045,Income
11/01/24,Boy college mrs.,Salary,1849.5,Expense
12/01/24,Price institution method inside.,Utilities,1386.72,Expense
13/01/24,Onto worry help hope.,Investment,1348,Income
14/01/24,Space beyond.,Health & Fitness,1013.18,Expense
15/01/24,Market specific property coach.,Entertainment,554.46,Expense
16/01/24,Wide cut player wind.,Travel,911.16,Expense
16/01/24,Degree enter father of source.,Other,4696,Income
16/01/24,Behind front attack song little.,Health & Fitness,1426.63,Expense
17/01/24,Somebody prepare few sound.,Entertainment,409.77,Expense
19/01/24,Finish increase economy middle public.,Travel,1376.36,Expense
19/01/24,Thing physical might.,Utilities,1962.86,Expense
19/01/24,Material produce station visit environmental.,Utilities,1012.75,Expense
19/01/24,Table trade various risk art.,Health & Fitness,1423.6,Expense
20/01/24,Leg drive second she.,Salary,1169.78,Expense
22/01/24,Five store ask data.,Shopping,1351.74,Expense
23/01/24,Statement position either.,Travel,1756.18,Expense
24/01/24,Draw change agree someone.,Food & Drink,1050.23,Expense
25/01/24,Magazine yard instead town.,Investment,934,Income
26/01/24,Evening ahead smile.,Entertainment,541.29,Expense
26/01/24,Compare system white magazine after.,Travel,1369.95,Expense
26/01/24,Own test too imagine.,Investment,2917,Income
27/01/24,However style.,Food & Drink,723.78,Expense
28/01/24,Born same usually.,Entertainment,1487.4,Expense
30/01/24,Wear use edge this draw.,Entertainment,1026.74,Expense
01/02/24,Forget once hope security.,Travel,1388.94,Expense
06/02/24,Design blood degree ever.,Other,3674,Income
07/02/24,Television argue mouth.,Health & Fitness,1932.01,Expense
07/02/24,Nation little east everyone.,Other,2163,Income
10/02/24,Little happy final population.,Salary,1661.67,Expense
10/02/24,Real small.,Health & Fitness,1512.66,Expense
10/02/24,Need finally when.,Entertainment,1554.53,Expense
14/02/24,Movement door kind.,Travel,903.14,Expense
14/02/24,Until truth feeling view.,Rent,382.08,Expense
15/02/24,Decision three trouble.,Investment,3590,Income
16/02/24,Smile ever bag single.,Other,2664,Income
17/02/24,Say unit four institution.,Other,546,Income
19/02/24,Recognize media goal.,Utilities,89.48,Expense
21/02/24,Law agree appear political.,Food & Drink,1549.59,Expense
21/02/24,Able customer figure.,Travel,986.2,Expense
21/02/24,Book economic.,Health & Fitness,155.03,Expense
22/02/24,Rate society floor long same.,Entertainment,1914.41,Expense
23/02/24,Reach step son.,Utilities,837.7,Expense
23/02/24,Increase consider.,Rent,705.31,Expense
24/02/24,Difference way type positive phone.,Health & Fitness,668.82,Expense
24/02/24,Cup red collection husband.,Salary,1993.3,Expense
25/02/24,Employee become happy water bring.,Food & Drink,238.3,Expense
27/02/24,Significant up still management.,Entertainment,1809.95,Expense
27/02/24,Course technology site.,Entertainment,1918.2,Expense
27/02/24,High issue deal democratic.,Health & Fitness,768.93,Expense
28/02/24,Industry impact certainly.,Rent,777.89,Expense
29/02/24,Dog late eat.,Travel,59.16,Expense
02/03/24,Beat light the window.,Health & Fitness,1033.48,Expense
03/03/24,Require remain save.,Salary,97.26,Expense
05/03/24,Believe arrive.,Entertainment,647.42,Expense
05/03/24,Likely great paper.,Investment,1871,Income
06/03/24,Effect people.,Food & Drink,1257.6,Expense
06/03/24,Provide car throughout american.,Entertainment,1731.25,Expense
06/03/24,College manage fund.,Rent,419.1,Expense
07/03/24,Bed report item.,Shopping,1296.66,Expense
07/03/24,Finish without.,Utilities,57.27,Expense
08/03/24,Security unit executive.,Food & Drink,184.17,Expense
11/03/24,Stop unit might job close.,Other,1077,Income
13/03/24,New type pm.,Entertainment,1822.86,Expense
15/03/24,Country approach.,Salary,1264.13,Expense
16/03/24,Like clear.,Food & Drink,785.11,Expense
18/03/24,Break time manager kid.,Investment,1018,Income
26/03/24,Leader both rest challenge.,Food & Drink,1404.76,Expense
27/03/24,Data exist.,Investment,2874,Income
28/03/24,State none production defense your.,Travel,1217.07,Expense
29/03/24,Short congress turn east marriage.,Salary,769.01,Expense
30/03/24,Ago race quite hour.,Food & Drink,953.24,Expense
30/03/24,Child ball store process.,Utilities,1496.04,Expense
03/04/24,Western order accept wide prevent.,Travel,1920.67,Expense
04/04/24,Water yourself trade someone.,Other,591,Income
06/04/24,Tell soon executive.,Utilities,255.24,Expense
07/04/24,Natural own.,Other,4900,Income
08/04/24,Effort drive side human.,Rent,616.34,Expense
09/04/24,Clear single expect.,Health & Fitness,431.36,Expense
09/04/24,Fear song save.,Utilities,330.3,Expense
10/04/24,Capital program story mention majority.,Travel,396.71,Expense
10/04/24,Environmental outside bed institution.,Investment,4996,Income
11/04/24,Control piece behavior message wind.,Rent,588.4,Expense
13/04/24,Us money positive.,Investment,2117,Income
16/04/24,Life bad soon.,Salary,1903.56,Expense
17/04/24,Worker range feel.,Entertainment,209.09,Expense
17/04/24,Into notice necessary true message.,Entertainment,642.39,Expense
17/04/24,Including let result spend.,Travel,1389.98,Expense
18/04/24,One shoulder administration.,Other,3091,Income
20/04/24,Skill successful and.,Utilities,19.62,Expense
21/04/24,Finish right serious.,Entertainment,1427.28,Expense
22/04/24,Space game truth special decision.,Travel,1681.82,Expense
23/04/24,Else pull its adult house.,Other,4431,Income
25/04/24,Pretty least if.,Health & Fitness,1551.79,Expense
26/04/24,Peace wind guess.,Rent,359.78,Expense
26/04/24,Because career course.,Travel,1718.84,Expense
30/04/24,Teacher decide possible.,Investment,2656,Income
02/05/24,Success teach mrs beat.,Rent,1457.58,Expense
03/05/24,Listen against coach.,Food & Drink,1627.16,Expense
04/05/24,White likely teacher one.,Entertainment,1813.54,Expense
04/05/24,Notice street anything.,Salary,1311.28,Expense
05/05/24,Piece require.,Other,2329,Income
05/05/24,Say other never fact.,Travel,276.42,Expense
14/05/24,Main opportunity particularly question.,Rent,799.6,Expense
15/05/24,Research month instead.,Entertainment,1697.48,Expense
17/05/24,As throughout individual list manager.,Utilities,1516.84,Expense
20/05/24,Recently again explain court.,Investment,1967,Income
22/05/24,Discussion detail training fund.,Utilities,1474.48,Expense
23/05/24,Third rich hospital.,Health & Fitness,90.44,Expense
25/05/24,Somebody son suddenly perform.,Entertainment,135.09,Expense
26/05/24,Project can.,Food & Drink,1340.49,Expense
27/05/24,Paper beyond indeed.,Health & Fitness,782.31,Expense
27/05/24,Doctor news yourself.,Food & Drink,89.41,Expense
31/05/24,Ground city still.,Rent,1410.44,Expense
01/06/24,Southern front.,Travel,1671.4,Expense
02/06/24,Dinner no main year size.,Utilities,759.55,Expense
02/06/24,Environment character real middle prove.,Rent,1038.16,Expense
03/06/24,Sometimes while sense window.,Entertainment,1037.58,Expense
04/06/24,Among black picture that treat.,Health & Fitness,978.85,Expense
06/06/24,Remain seven marriage.,Food & Drink,1008.66,Expense
07/06/24,Positive free case.,Investment,2384,Income
09/06/24,Wide shoulder according strong.,Other,2232,Income
10/06/24,Expert commercial entire resource.,Investment,3467,Income
12/06/24,Picture early send morning.,Rent,1325.61,Expense
13/06/24,Soon including important.,Health & Fitness,1443.31,Expense
13/06/24,Some gun ahead certainly act.,Salary,963.25,Expense
14/06/24,Be fire.,Shopping,54.67,Expense
15/06/24,Article service produce political.,Investment,1603,Income
16/06/24,Within woman.,Food & Drink,1782.69,Expense
17/06/24,Information though red.,Investment,2615,Income
21/06/24,Training account evidence month.,Shopping,1202.72,Expense
21/06/24,Land day name small.,Food & Drink,1758.23,Expense
22/06/24,Thought sit identify culture.,Travel,1895.04,Expense
23/06/24,Already free.,Salary,1735.93,Expense
23/06/24,Yeah exist behavior necessary miss.,Other,1669,Income
23/06/24,Agreement someone.,Utilities,1250.19,Expense
23/06/24,Strategy fight institution.,Utilities,1451.13,Expense
23/06/24,Rule success.,Salary,1197.1,Expense
01/07/24,Medical buy series walk large.,Other,3657,Income
05/07/24,Law work.,Investment,2157,Income
06/07/24,Research visit program suddenly doctor.,Shopping,1654.76,Expense
07/07/24,Project spring of.,Utilities,956.98,Expense
07/07/24,Mind easy foreign old.,Food & Drink,1756.73,Expense
07/07/24,Better republican stock bank.,Rent,195.45,Expense
07/07/24,Thousand live land hard.,Food & Drink,1794.97,Expense
13/07/24,Open million house enough.,Shopping,1048.87,Expense
13/07/24,You ready way rule.,Food & Drink,1398.31,Expense
16/07/24,Certain camera represent.,Salary,1581.22,Expense
20/07/24,Tell brother defense list second.,Rent,856.72,Expense
21/07/24,Tv budget system book.,Entertainment,1821.07,Expense
22/07/24,Face mission brother figure hear.,Other,2611,Income
23/07/24,Agreement central six instead.,Investment,4780,Income
23/07/24,Democratic standard major.,Investment,3572,Income
25/07/24,Give that individual of not.,Health & Fitness,823.6,Expense
26/07/24,Little result paper seven.,Other,2577,Income
26/07/24,Seven project chance road.,Shopping,1133.69,Expense
26/07/24,Professor important do house must.,Shopping,1512.39,Expense
26/07/24,Position tend religious.,Salary,365.65,Expense
27/07/24,Someone religious night buy nice.,Salary,515.02,Expense
27/07/24,My serious whatever miss seek.,Health & Fitness,1550.65,Expense
27/07/24,Build view.,Utilities,1711.45,Expense
28/07/24,Ever day.,Entertainment,898.72,Expense
28/07/24,Be move fly open.,Utilities,209.55,Expense
29/07/24,Future congress.,Health & Fitness,1603.7,Expense
29/07/24,Fish either boy between collection.,Food & Drink,329.87,Expense
29/07/24,Eight bed fill.,Food & Drink,1610.7,Expense
30/07/24,Arrive which consider.,Salary,1852.46,Expense
30/07/24,Hope floor include.,Rent,533.55,Expense
01/08/24,Heart still building.,Food & Drink,1451.74,Expense
02/08/24,Sell only manage.,Shopping,1231.79,Expense
02/08/24,We especially five network.,Food & Drink,1891.97,Expense
03/08/24,Ahead plant trial affect.,Salary,883.55,Expense
03/08/24,Push east never size fight.,Travel,397.55,Expense
08/08/24,Base player data whose.,Entertainment,1234.23,Expense
09/08/24,World site mr interest treatment.,Health & Fitness,486.12,Expense
11/08/24,A let.,Investment,1211,Income
14/08/24,A value lot.,Shopping,712.72,Expense
14/08/24,Yourself successful defense subject.,Entertainment,1040.31,Expense
14/08/24,Claim move.,Rent,1839.16,Expense
15/08/24,Bed recognize store.,Health & Fitness,701.48,Expense
22/08/24,There decision measure.,Entertainment,1216.66,Expense
23/08/24,Play woman remain event.,Other,538,Income
25/08/24,Decision where foreign trial.,Shopping,1017.41,Expense
25/08/24,Participant above.,Travel,686.53,Expense
25/08/24,Including time reflect.,Other,4906,Income
27/08/24,Ball theory prepare much throughout.,Travel,1391.44,Expense
27/08/24,Good spend still.,Salary,1542.23,Expense
28/08/24,Concern should recent across.,Salary,1366.37,Expense
28/08/24,View know develop after.,Food & Drink,969.12,Expense
28/08/24,Course staff personal space.,Shopping,1270.99,Expense
30/08/24,Woman whose already.,Entertainment,1602.32,Expense
01/09/24,Decide cultural start how thank.,Health & Fitness,1037.84,Expense
02/09/24,Management necessary process not.,Other,2533,Income
05/09/24,Assume campaign assume.,Shopping,1350.66,Expense
05/09/24,Talk thing rock ever summer.,Rent,1113.56,Expense
05/09/24,Pass quite third ability interview.,Other,3396,Income
05/09/24,Item yet ever quite.,Travel,373.74,Expense
06/09/24,Guess service this different.,Entertainment,1003.01,Expense
07/09/24,Mother first hot free.,Investment,2674,Income
08/09/24,Wrong difficult.,Entertainment,1671.53,Expense
10/09/24,True culture.,Health & Fitness,320.43,Expense
13/09/24,As personal agreement.,Investment,4535,Income
15/09/24,Or phone.,Food & Drink,1697.54,Expense
16/09/24,East list when.,Health & Fitness,989.76,Expense
17/09/24,Mind door authority outside.,Travel,986.7,Expense
17/09/24,Personal often.,Travel,801.78,Expense
17/09/24,True help.,Utilities,117.75,Expense
18/09/24,Artist sort area.,Salary,1879.91,Expense
21/09/24,Big argue.,Other,3725,Income
22/09/24,Sure i pay.,Utilities,919.82,Expense
23/09/24,Ten skin perhaps.,Other,3085,Income
24/09/24,Less into per big.,Food & Drink,1351.47,Expense
25/09/24,Military onto blue activity.,Rent,657.62,Expense
26/09/24,Smile cover of pm eight.,Travel,382.43,Expense
26/09/24,Right know during someone.,Travel,947.98,Expense
27/09/24,Find job where.,Health & Fitness,375.99,Expense
27/09/24,On must certainly.,Shopping,1404.42,Expense
01/10/24,Owner fact wife.,Shopping,566.46,Expense
01/10/24,Price certain down standard nice.,Investment,2372,Income
02/10/24,Gas with policy cut.,Travel,1610.13,Expense
02/10/24,Country little reality level.,Shopping,400.17,Expense
03/10/24,Not friend federal forget bit.,Utilities,951.24,Expense
04/10/24,Detail about development discover.,Other,4592,Income
04/10/24,Lose shoulder spring.,Other,4486,Income
07/10/24,Hundred step according.,Food & Drink,802.82,Expense
08/10/24,Group never.,Food & Drink,438.78,Expense
09/10/24,Key place tree.,Rent,905.21,Expense
10/10/24,Wish current.,Health & Fitness,727.01,Expense
10/10/24,Despite energy company.,Travel,694.84,Expense
11/10/24,Condition again successful.,Health & Fitness,1736.06,Expense
12/10/24,Story case.,Entertainment,1157.94,Expense
15/10/24,Very figure drive special.,Utilities,1958.95,Expense
17/10/24,With young think there assume.,Health & Fitness,1349.65,Expense
17/10/24,Some court her.,Salary,1780.37,Expense
18/10/24,Outside with each animal.,Travel,932.87,Expense
19/10/24,Take family chance.,Utilities,1284.76,Expense
19/10/24,Picture evidence.,Shopping,1266.23,Expense
21/10/24,Why though decide bank likely.,Rent,167.43,Expense
21/10/24,Meet seem population.,Health & Fitness,640.59,Expense
21/10/24,Material less focus hear.,Travel,1214.72,Expense
23/10/24,Listen ok point so.,Salary,1564.14,Expense
24/10/24,Detail data tell.,Salary,833.84,Expense
28/10/24,Fill thousand number.,Investment,1524,Income
01/11/24,Nearly care base.,Travel,1881.47,Expense
02/11/24,Goal once let perform international.,Rent,429.04,Expense
03/11/24,Important source first him.,Rent,136.95,Expense
03/11/24,Doctor population grow bar.,Food & Drink,62.47,Expense
11/11/24,National back everybody direction budget.,Rent,216.82,Expense
11/11/24,National free.,Rent,1313.12,Expense
12/11/24,Few spring raise.,Travel,466.42,Expense
13/11/24,Relationship your your.,Salary,1256.7,Expense
13/11/24,Across federal state.,Investment,734,Income
13/11/24,State serious activity pressure.,Other,3164,Income
13/11/24,Dinner rich decide do.,Salary,1950.21,Expense
14/11/24,Serious reveal left social fine.,Travel,1101.61,Expense
14/11/24,Show recently decide last.,Investment,4240,Income
16/11/24,Hear officer.,Shopping,1051.69,Expense
17/11/24,Wall act special.,Travel,1818.76,Expense
17/11/24,Different international sell several.,Entertainment,1611.37,Expense
17/11/24,For age size.,Health & Fitness,830.29,Expense
17/11/24,With yes nothing.,Investment,500,Income
18/11/24,Woman daughter hospital move.,Utilities,694.33,Expense
18/11/24,Board notice later thus.,Food & Drink,1378.66,Expense
19/11/24,Bit need allow.,Salary,606.22,Expense
20/11/24,Cost attorney.,Travel,1198.04,Expense
20/11/24,Day fact modern.,Health & Fitness,385.26,Expense
22/11/24,Happy action.,Shopping,795.56,Expense
23/11/24,Hospital writer can industry.,Other,3599,Income
24/11/24,Western tend candidate day.,Rent,850.26,Expense
24/11/24,City offer financial data.,Travel,576.51,Expense
24/11/24,Cut yard knowledge.,Travel,831.68,Expense
25/11/24,Space moment travel these least.,Utilities,281.88,Expense
25/11/24,Say explain.,Other,4209,Income
25/11/24,Red republican father party.,Salary,383.7,Expense
26/11/24,Eat tonight run leader.,Investment,4882,Income
29/11/24,Believe recognize analysis those citizen.,Investment,2811,Income
30/11/24,Project at risk.,Salary,1456.94,Expense
02/12/24,In seven building hard.,Utilities,39.3,Expense
05/12/24,Short for late education.,Shopping,630.04,Expense
06/12/24,Left available.,Health & Fitness,932.73,Expense
09/12/24,Gas human create also.,Health & Fitness,169.64,Expense
11/12/24,Remember carry.,Utilities,121.52,Expense
12/12/24,Leave bar prevent require.,Rent,1090.95,Expense
12/12/24,Likely evidence claim.,Other,3625,Income
15/12/24,Beyond family movement hospital back.,Rent,1949.45,Expense
16/12/24,Child group describe.,Shopping,1544.74,Expense
19/12/24,Democratic recent student specific political.,Food & Drink,406.37,Expense
19/12/24,Real know our any.,Rent,1047.07,Expense
21/12/24,Up hear draw.,Salary,784.35,Expense
23/12/24,Instead writer.,Health & Fitness,325.64,Expense
28/12/24,Quite as when.,Rent,514.09,Expense
28/12/24,Right analysis mention.,Entertainment,727.25,Expense
28/12/24,No couple debate must.,Investment,1425,Income
29/12/24,Discussion black follow.,Shopping,655.78,Expense
29/12/24,Pressure activity defense detail.,Other,1480,Income